<?xml version="1.0" encoding="UTF-8"?>
<jcr:root xmlns:sling="http://sling.apache.org/jcr/sling/1.0" xmlns:cq="http://www.day.com/jcr/cq/1.0" xmlns:jcr="http://www.jcp.org/jcr/1.0" xmlns:nt="http://www.jcp.org/jcr/nt/1.0"
    jcr:primaryType="cq:Page">
    <wcm jcr:primaryType="nt:unstructured">
        <foundation jcr:primaryType="nt:unstructured">
            <components jcr:primaryType="nt:unstructured">
                <parsys jcr:primaryType="nt:unstructured">
                    <policy_1576663837441
                        jcr:lastModified="{Date}2019-12-18T16:09:11.633+05:30"
                        jcr:lastModifiedBy="admin"
                        jcr:primaryType="nt:unstructured"
                        jcr:title="training"
                        sling:resourceType="wcm/core/components/policy/policy"
                        components="group:FLP">
                        <jcr:content jcr:primaryType="nt:unstructured"/>
                        <section jcr:primaryType="nt:unstructured"/>
                    </policy_1576663837441>
                    <policy_99519694835300
                        jcr:lastModified="{Date}2019-12-18T16:12:59.955+05:30"
                        jcr:lastModifiedBy="admin"
                        jcr:primaryType="nt:unstructured"
                        jcr:title="image"
                        sling:resourceType="wcm/core/components/policy/policy"
                        components="group:FLP">
                        <jcr:content jcr:primaryType="nt:unstructured"/>
                        <section jcr:primaryType="nt:unstructured"/>
                    </policy_99519694835300>
                    <policy_101680950139900
                        jcr:lastModified="{Date}2019-12-18T16:29:31.328+05:30"
                        jcr:lastModifiedBy="admin"
                        jcr:primaryType="nt:unstructured"
                        jcr:title="image"
                        sling:resourceType="wcm/core/components/policy/policy"
                        components="/apps/flp/components/content/image">
                        <jcr:content jcr:primaryType="nt:unstructured"/>
                        <section jcr:primaryType="nt:unstructured"/>
                    </policy_101680950139900>
                    <policy_102783784004600
                        jcr:lastModified="{Date}2019-12-18T16:47:54.172+05:30"
                        jcr:lastModifiedBy="admin"
                        jcr:primaryType="nt:unstructured"
                        jcr:title="image"
                        sling:resourceType="wcm/core/components/policy/policy"
                        components="/apps/flp/components/content/image">
                        <jcr:content jcr:primaryType="nt:unstructured"/>
                        <section jcr:primaryType="nt:unstructured"/>
                    </policy_102783784004600>
                    <policy_103814720136600
                        jcr:lastModified="{Date}2019-12-18T17:04:59.677+05:30"
                        jcr:lastModifiedBy="admin"
                        jcr:primaryType="nt:unstructured"
                        jcr:title="image"
                        sling:resourceType="wcm/core/components/policy/policy"
                        components="/apps/flp/components/content/image">
                        <jcr:content jcr:primaryType="nt:unstructured"/>
                        <section jcr:primaryType="nt:unstructured"/>
                    </policy_103814720136600>
                    <policy_104418547670700
                        jcr:lastModified="{Date}2019-12-18T17:15:26.128+05:30"
                        jcr:lastModifiedBy="admin"
                        jcr:primaryType="nt:unstructured"
                        jcr:title="image"
                        sling:resourceType="wcm/core/components/policy/policy"
                        components="/apps/flp/components/content/image">
                        <jcr:content jcr:primaryType="nt:unstructured"/>
                        <section jcr:primaryType="nt:unstructured"/>
                    </policy_104418547670700>
                    <policy_104934368614700
                        jcr:lastModified="{Date}2019-12-18T17:23:41.055+05:30"
                        jcr:lastModifiedBy="admin"
                        jcr:primaryType="nt:unstructured"
                        jcr:title="image"
                        sling:resourceType="wcm/core/components/policy/policy"
                        components="/apps/flp/components/content/image">
                        <jcr:content jcr:primaryType="nt:unstructured"/>
                        <section jcr:primaryType="nt:unstructured"/>
                    </policy_104934368614700>
                    <policy_102807760589200
                        jcr:lastModified="{Date}2019-12-19T10:54:06.887+05:30"
                        jcr:lastModifiedBy="admin"
                        jcr:primaryType="nt:unstructured"
                        jcr:title="flp"
                        sling:resourceType="wcm/core/components/policy/policy"
                        components="group:FLP">
                        <jcr:content jcr:primaryType="nt:unstructured"/>
                        <section jcr:primaryType="nt:unstructured"/>
                    </policy_102807760589200>
                    <policy_11190323104500
                        jcr:lastModified="{Date}2020-01-02T16:40:10.362+05:30"
                        jcr:lastModifiedBy="admin"
                        jcr:primaryType="nt:unstructured"
                        jcr:title="flp"
                        sling:resourceType="wcm/core/components/policy/policy"
                        components="group:flp">
                        <jcr:content jcr:primaryType="nt:unstructured"/>
                        <section jcr:primaryType="nt:unstructured"/>
                    </policy_11190323104500>
                    <policy_11538948571900
                        jcr:lastModified="{Date}2020-01-02T16:46:03.634+05:30"
                        jcr:lastModifiedBy="admin"
                        jcr:primaryType="nt:unstructured"
                        jcr:title="flp"
                        sling:resourceType="wcm/core/components/policy/policy"
                        components="group:flp">
                        <jcr:content jcr:primaryType="nt:unstructured"/>
                        <section jcr:primaryType="nt:unstructured"/>
                    </policy_11538948571900>
                    <policy_11538987491100
                        jcr:lastModified="{Date}2020-01-02T16:46:15.578+05:30"
                        jcr:lastModifiedBy="admin"
                        jcr:primaryType="nt:unstructured"
                        jcr:title="flp"
                        sling:resourceType="wcm/core/components/policy/policy"
                        components="group:flp">
                        <jcr:content jcr:primaryType="nt:unstructured"/>
                        <section jcr:primaryType="nt:unstructured"/>
                    </policy_11538987491100>
                    <policy_11587065995500
                        jcr:lastModified="{Date}2020-01-02T16:56:02.779+05:30"
                        jcr:lastModifiedBy="admin"
                        jcr:primaryType="nt:unstructured"
                        jcr:title="text"
                        sling:resourceType="wcm/core/components/policy/policy"
                        components="[/libs/foundation/components/text,group:flp]">
                        <jcr:content jcr:primaryType="nt:unstructured"/>
                        <section jcr:primaryType="nt:unstructured"/>
                    </policy_11587065995500>
                </parsys>
            </components>
        </foundation>
    </wcm>
</jcr:root>
