{
    "reviewr": [
      {
        "index":1,
        "id": 5,
        "Book":"Spring in Action",
        "Rating":3.0,
        "Headline":"Not good",
        "Customer":"Rod Jhonson",
        "Review On":"2017-04-27 13:59:30"
     
        
      },
      {
        "index":2,
        "id": 6,
        "Book":"Play for dummies",
        "Rating":5.0,
        "Headline":"Excellent book!",
        "Customer":"Alice Burne",
        "Review On":"2017-04-27 15:45:15"
     
        
      }
     
    ]
  }
  