<?xml version="1.0" encoding="UTF-8"?>
<jcr:root xmlns:sling="http://sling.apache.org/jcr/sling/1.0" xmlns:cq="http://www.day.com/jcr/cq/1.0" xmlns:jcr="http://www.jcp.org/jcr/1.0" xmlns:nt="http://www.jcp.org/jcr/nt/1.0"
    jcr:primaryType="nt:unstructured"
    jcr:title="First Component"
    sling:resourceType="cq/gui/components/authoring/dialog"
    enctype="multipart/form-data">
    <content
        jcr:primaryType="nt:unstructured"
        sling:resourceType="granite/ui/components/coral/foundation/fixedcolumns"
        margin="{Boolean}false">
        <items jcr:primaryType="nt:unstructured">
            <column
                jcr:primaryType="nt:unstructured"
                sling:resourceType="granite/ui/components/coral/foundation/container">
                <items jcr:primaryType="nt:unstructured">
                    <image
                        jcr:primaryType="nt:unstructured"
                        sling:resourceType="cq/gui/components/authoring/dialog/fileupload"
                        autoStart="{Boolean}false"
                        class="cq-droptarget"
                        fieldLabel="Image asset"
                        fileNameParameter="./fileName"
                        fileReferenceParameter="./fileReference"
                        mimeTypes="[image]"
                        multiple="{Boolean}false"
                        name="./file"
                        title="Upload Image Asset"
                        uploadUrl="${suffix.path}"
                        useHTML5="{Boolean}true"/>
                    <label
                        jcr:primaryType="nt:unstructured"
                        sling:resourceType="granite/ui/components/coral/foundation/form/textfield"
                        fieldLabel="label"
                        name="./label"/>
                    <title
                        jcr:primaryType="nt:unstructured"
                        sling:resourceType="granite/ui/components/coral/foundation/form/textfield"
                        fieldLabel="Title value"
                        name="./textVal"/>
                    <textArea
                        jcr:primaryType="nt:unstructured"
                        sling:resourceType="granite/ui/components/coral/foundation/form/textarea"
                        fieldLabel="Description"
                        name="./textarea"/>
                    <dropdown
                        jcr:primaryType="nt:unstructured"
                        sling:resourceType="granite/ui/components/coral/foundation/form/select"
                        fieldLabel="country"
                        name="./dropdown"
                        value="[Male,Female]">
                        <items jcr:primaryType="nt:unstructured">
                            <link
                                jcr:primaryType="nt:unstructured"
                                text="[India]"
                                value="India"/>
                            <link1
                                jcr:primaryType="nt:unstructured"
                                text="America"
                                value="America"/>
                        </items>
                    </dropdown>
                    <date
                        jcr:primaryType="nt:unstructured"
                        sling:resourceType="granite/ui/components/coral/foundation/form/datepicker"
                        fieldLabel="date"
                        name="./date"/>
                    <checkbox
                        jcr:primaryType="nt:unstructured"
                        sling:resourceType="granite/ui/components/coral/foundation/form/checkbox"
                        fieldLabel="checkbox"
                        name="./checkbox"
                        text="[Yes&#xa;]"/>
                    <hyperlink
                        jcr:primaryType="nt:unstructured"
                        sling:resourceType="granite/ui/components/coral/foundation/form/pathfield"
                        fieldLabel="hyperlink"
                        name="./hyperlink"/>
                    <radio
                        jcr:primaryType="nt:unstructured"
                        sling:resourceType="/libs/granite/ui/components/coral/foundation/form/radiogroup"
                        fieldLabel="radio"
                        name="./radio"
                        text="Person">
                        <items jcr:primaryType="nt:unstructured">
                            <male
                                jcr:primaryType="nt:unstructured"
                                sling:resourceType="granite/ui/components/foundation/form/radio"
                                name="./person"
                                text="Male"
                                value="Male"/>
                            <Female
                                jcr:primaryType="nt:unstructured"
                                sling:resourceType="granite/ui/components/foundation/form/radio"
                                name="./person"
                                text="Female"
                                value="Female"/>
                        </items>
                    </radio>
                    <tabs
                        jcr:primaryType="nt:unstructured"
                        sling:resourceType="granite/ui/components/coral/foundation/form/multifield">
                        <field
                            jcr:primaryType="nt:unstructured"
                            sling:resourceType="granite/ui/components/coral/foundation/form/textfield"
                            name="./pages"/>
                    </tabs>
                </items>
            </column>
        </items>
    </content>
</jcr:root>
